Review,Sentiment
an ordinary purchase with expected results,neutral
"good product, satisfied with my purchase",positive
terrible product and very poor quality today,negative
"good product, satisfied with my purchase",positive
reasonable quality for the price,neutral
horrible service and unreliable item,negative
horrible service and unreliable item,negative
nothing special but acceptable,neutral
"good product, satisfied with my purchase",positive
average experience overall,neutral
"good product, satisfied with my purchase",positive
the product is okay and average today,neutral
the product exceeded my expectations,positive
bad quality and late delivery,negative
wonderful service and reliable item,positive
the service was neither good nor bad,neutral
horrible service and unreliable item,negative
the product is okay and average,neutral
the product is okay and average,neutral
the service was neither good nor bad overall,neutral
an ordinary purchase with expected results,neutral
"awful experience, not recommended",negative
horrible service and unreliable item,negative
delivery was on time and product was normal,neutral
"poor product, dissatisfied with my purchase",negative
an ordinary purchase with expected results,neutral
delivery was on time and product was normal,neutral
"I love this purchase, it works perfectly",positive
"awful experience, not recommended",negative
terrible product and very poor quality,negative
reasonable quality for the price,neutral
horrible service and unreliable item,negative
"awful experience, not recommended",negative
"I hate this purchase, it stopped working",negative
the service was neither good nor bad,neutral
reasonable quality for the price,neutral
wonderful service and reliable item,positive
bad quality and late delivery,negative
excellent product and amazing quality,positive
the service was neither good nor bad,neutral
horrible service and unreliable item,negative
"I hate this purchase, it stopped working for my family",negative
terrible product and very poor quality today,negative
the product failed my expectations,negative
an ordinary purchase with expected results today,neutral
great quality and fast delivery,positive
"poor product, dissatisfied with my purchase",negative
the product failed my expectations,negative
great quality and fast delivery,positive
the service was neither good nor bad,neutral
the product is okay and average,neutral
the service was neither good nor bad overall,neutral
wonderful service and reliable item,positive
delivery was on time and product was normal,neutral
"poor product, dissatisfied with my purchase",negative
great quality and fast delivery,positive
an ordinary purchase with expected results,neutral
an ordinary purchase with expected results,neutral
very happy with the service and value,positive
nothing special but acceptable,neutral
great quality and fast delivery,positive
nothing special but acceptable,neutral
reasonable quality for the price,neutral
horrible service and unreliable item,negative
very disappointed with the service and value,negative
very disappointed with the service and value,negative
the product exceeded my expectations,positive
excellent product and amazing quality,positive
"poor product, dissatisfied with my purchase for my family",negative
wonderful service and reliable item,positive
reasonable quality for the price,neutral
"I hate this purchase, it stopped working",negative
"fantastic experience, highly recommended",positive
"good product, satisfied with my purchase for my family",positive
the product is okay and average,neutral
the product failed my expectations,negative
terrible product and very poor quality,negative
bad quality and late delivery,negative
an ordinary purchase with expected results today,neutral
the product failed my expectations,negative
the product failed my expectations,negative
terrible product and very poor quality today,negative
"fantastic experience, highly recommended",positive
horrible service and unreliable item,negative
product works as described for my family,neutral
bad quality and late delivery,negative
great quality and fast delivery,positive
excellent product and amazing quality,positive
the product failed my expectations overall,negative
the product failed my expectations overall,negative
excellent product and amazing quality,positive
the product exceeded my expectations,positive
wonderful service and reliable item,positive
average experience overall after one week,neutral
the service was neither good nor bad,neutral
great quality and fast delivery today,positive
nothing special but acceptable overall,neutral
very disappointed with the service and value after one week,negative
excellent product and amazing quality,positive
reasonable quality for the price after one week,neutral
very disappointed with the service and value,negative
delivery was on time and product was normal,neutral
wonderful service and reliable item,positive
horrible service and unreliable item after one week,negative
bad quality and late delivery,negative
excellent product and amazing quality,positive
delivery was on time and product was normal,neutral
delivery was on time and product was normal,neutral
horrible service and unreliable item,negative
"I love this purchase, it works perfectly",positive
the product is okay and average,neutral
"fantastic experience, highly recommended overall",positive
very happy with the service and value,positive
nothing special but acceptable,neutral
the product is okay and average,neutral
"good product, satisfied with my purchase",positive
very disappointed with the service and value,negative
wonderful service and reliable item,positive
the service was neither good nor bad,neutral
the product is okay and average,neutral
the service was neither good nor bad,neutral
"I love this purchase, it works perfectly for my family",positive
reasonable quality for the price,neutral
excellent product and amazing quality,positive
nothing special but acceptable,neutral
the service was neither good nor bad,neutral
excellent product and amazing quality,positive
reasonable quality for the price,neutral
the product failed my expectations,negative
horrible service and unreliable item after one week,negative
bad quality and late delivery,negative
delivery was on time and product was normal,neutral
"awful experience, not recommended overall",negative
the product is okay and average,neutral
"I hate this purchase, it stopped working",negative
excellent product and amazing quality,positive
average experience overall,neutral
great quality and fast delivery today,positive
"I love this purchase, it works perfectly",positive
wonderful service and reliable item,positive
delivery was on time and product was normal,neutral
very disappointed with the service and value,negative
delivery was on time and product was normal,neutral
an ordinary purchase with expected results,neutral
nothing special but acceptable overall,neutral
average experience overall,neutral
the product failed my expectations,negative
an ordinary purchase with expected results,neutral
terrible product and very poor quality,negative
great quality and fast delivery,positive
great quality and fast delivery,positive
terrible product and very poor quality,negative
"I hate this purchase, it stopped working",negative
the product is okay and average,neutral
"fantastic experience, highly recommended",positive
reasonable quality for the price,neutral
nothing special but acceptable,neutral
"awful experience, not recommended overall",negative
the product failed my expectations,negative
an ordinary purchase with expected results,neutral
"fantastic experience, highly recommended overall",positive
reasonable quality for the price,neutral
the product is okay and average,neutral
"I love this purchase, it works perfectly",positive
terrible product and very poor quality,negative
"I love this purchase, it works perfectly",positive
"good product, satisfied with my purchase",positive
nothing special but acceptable,neutral
the product is okay and average,neutral
the product failed my expectations,negative
an ordinary purchase with expected results,neutral
average experience overall,neutral
very disappointed with the service and value,negative
the product exceeded my expectations,positive
product works as described for my family,neutral
"I hate this purchase, it stopped working",negative
very disappointed with the service and value,negative
"awful experience, not recommended",negative
"good product, satisfied with my purchase",positive
"fantastic experience, highly recommended",positive
"awful experience, not recommended",negative
the product exceeded my expectations,positive
"I hate this purchase, it stopped working",negative
very disappointed with the service and value,negative
delivery was on time and product was normal,neutral
average experience overall,neutral
"poor product, dissatisfied with my purchase",negative
average experience overall,neutral
terrible product and very poor quality,negative
an ordinary purchase with expected results,neutral
"poor product, dissatisfied with my purchase",negative
nothing special but acceptable,neutral
the product exceeded my expectations,positive
the product failed my expectations overall,negative
wonderful service and reliable item,positive
"awful experience, not recommended",negative
"I hate this purchase, it stopped working",negative
product works as described,neutral
very happy with the service and value,positive
terrible product and very poor quality,negative
"fantastic experience, highly recommended",positive
the product failed my expectations,negative
"good product, satisfied with my purchase",positive
reasonable quality for the price,neutral
nothing special but acceptable,neutral
very happy with the service and value after one week,positive
"I love this purchase, it works perfectly",positive
"fantastic experience, highly recommended",positive
product works as described,neutral
average experience overall,neutral
horrible service and unreliable item after one week,negative
reasonable quality for the price,neutral
product works as described,neutral
very happy with the service and value,positive
"I love this purchase, it works perfectly",positive
wonderful service and reliable item,positive
"I hate this purchase, it stopped working",negative
"awful experience, not recommended",negative
"I hate this purchase, it stopped working for my family",negative
reasonable quality for the price,neutral
reasonable quality for the price,neutral
"I hate this purchase, it stopped working",negative
great quality and fast delivery,positive
an ordinary purchase with expected results today,neutral
very happy with the service and value,positive
"I hate this purchase, it stopped working",negative
horrible service and unreliable item,negative
horrible service and unreliable item,negative
nothing special but acceptable overall,neutral
the product exceeded my expectations,positive
very disappointed with the service and value,negative
"good product, satisfied with my purchase",positive
"good product, satisfied with my purchase for my family",positive
average experience overall,neutral
the product is okay and average today,neutral
horrible service and unreliable item,negative
"I love this purchase, it works perfectly",positive
"I love this purchase, it works perfectly",positive
the service was neither good nor bad,neutral
average experience overall,neutral
"awful experience, not recommended",negative
terrible product and very poor quality,negative
an ordinary purchase with expected results today,neutral
average experience overall,neutral
the product exceeded my expectations,positive
product works as described for my family,neutral
reasonable quality for the price,neutral
bad quality and late delivery today,negative
the product failed my expectations,negative
average experience overall,neutral
the product exceeded my expectations,positive
the product exceeded my expectations overall,positive
"I love this purchase, it works perfectly",positive
wonderful service and reliable item,positive
an ordinary purchase with expected results,neutral
the product failed my expectations overall,negative
"poor product, dissatisfied with my purchase",negative
average experience overall after one week,neutral
average experience overall,neutral
the product exceeded my expectations overall,positive
"I hate this purchase, it stopped working",negative
"I love this purchase, it works perfectly",positive
"I hate this purchase, it stopped working",negative
the product exceeded my expectations,positive
the service was neither good nor bad,neutral
the product failed my expectations,negative
the product failed my expectations,negative
very disappointed with the service and value after one week,negative
nothing special but acceptable,neutral
"poor product, dissatisfied with my purchase",negative
wonderful service and reliable item after one week,positive
average experience overall,neutral
the product failed my expectations,negative
excellent product and amazing quality,positive
bad quality and late delivery,negative
product works as described,neutral
wonderful service and reliable item,positive
the service was neither good nor bad,neutral
reasonable quality for the price,neutral
the product failed my expectations,negative
the service was neither good nor bad,neutral
"awful experience, not recommended",negative
"good product, satisfied with my purchase",positive
the product exceeded my expectations,positive
"I hate this purchase, it stopped working",negative
bad quality and late delivery,negative
"I hate this purchase, it stopped working",negative
delivery was on time and product was normal,neutral
average experience overall after one week,neutral
an ordinary purchase with expected results,neutral
delivery was on time and product was normal for my family,neutral
an ordinary purchase with expected results,neutral
the product exceeded my expectations,positive
"good product, satisfied with my purchase",positive
the product is okay and average,neutral
"I hate this purchase, it stopped working for my family",negative
the product is okay and average,neutral
"awful experience, not recommended",negative
the product is okay and average,neutral
the product is okay and average,neutral
great quality and fast delivery,positive
the product is okay and average,neutral
reasonable quality for the price,neutral
excellent product and amazing quality,positive
excellent product and amazing quality,positive
"I hate this purchase, it stopped working",negative
very disappointed with the service and value,negative
horrible service and unreliable item,negative
delivery was on time and product was normal,neutral
"poor product, dissatisfied with my purchase",negative
the product is okay and average,neutral
excellent product and amazing quality,positive
terrible product and very poor quality,negative
horrible service and unreliable item,negative
average experience overall,neutral
very happy with the service and value,positive
very happy with the service and value,positive
"good product, satisfied with my purchase",positive
reasonable quality for the price,neutral
horrible service and unreliable item,negative
"good product, satisfied with my purchase",positive
"good product, satisfied with my purchase",positive
"awful experience, not recommended overall",negative
great quality and fast delivery,positive
the product failed my expectations,negative
nothing special but acceptable,neutral
the service was neither good nor bad,neutral
very happy with the service and value,positive
"fantastic experience, highly recommended",positive
the product failed my expectations,negative
delivery was on time and product was normal,neutral
"fantastic experience, highly recommended",positive
the product failed my expectations,negative
"I love this purchase, it works perfectly",positive
product works as described,neutral
"fantastic experience, highly recommended",positive
"awful experience, not recommended",negative
average experience overall,neutral
very happy with the service and value,positive
"I love this purchase, it works perfectly",positive
"poor product, dissatisfied with my purchase",negative
great quality and fast delivery,positive
average experience overall after one week,neutral
the product exceeded my expectations,positive
an ordinary purchase with expected results,neutral
the service was neither good nor bad,neutral
the product failed my expectations overall,negative
product works as described,neutral
delivery was on time and product was normal for my family,neutral
"I love this purchase, it works perfectly",positive
"poor product, dissatisfied with my purchase",negative
horrible service and unreliable item,negative
delivery was on time and product was normal for my family,neutral
reasonable quality for the price,neutral
delivery was on time and product was normal,neutral
nothing special but acceptable,neutral
"good product, satisfied with my purchase",positive
reasonable quality for the price after one week,neutral
wonderful service and reliable item,positive
an ordinary purchase with expected results today,neutral
bad quality and late delivery,negative
bad quality and late delivery,negative
average experience overall,neutral
"good product, satisfied with my purchase",positive
the product exceeded my expectations,positive
"fantastic experience, highly recommended",positive
delivery was on time and product was normal,neutral
the service was neither good nor bad overall,neutral
"I love this purchase, it works perfectly",positive
terrible product and very poor quality,negative
very happy with the service and value,positive
an ordinary purchase with expected results,neutral
the product failed my expectations,negative
"fantastic experience, highly recommended",positive
reasonable quality for the price,neutral
"good product, satisfied with my purchase",positive
an ordinary purchase with expected results,neutral
"awful experience, not recommended",negative
"fantastic experience, highly recommended overall",positive
"I hate this purchase, it stopped working for my family",negative
"awful experience, not recommended",negative
the product exceeded my expectations,positive
"good product, satisfied with my purchase",positive
the product failed my expectations,negative
reasonable quality for the price,neutral
terrible product and very poor quality,negative
horrible service and unreliable item after one week,negative
product works as described,neutral
very disappointed with the service and value,negative
wonderful service and reliable item,positive
wonderful service and reliable item,positive
reasonable quality for the price,neutral
the product failed my expectations,negative
terrible product and very poor quality today,negative
the product exceeded my expectations,positive
product works as described,neutral
delivery was on time and product was normal,neutral
the service was neither good nor bad,neutral
average experience overall,neutral
delivery was on time and product was normal,neutral
an ordinary purchase with expected results,neutral
product works as described,neutral
the product exceeded my expectations,positive
"I love this purchase, it works perfectly for my family",positive
very happy with the service and value,positive
horrible service and unreliable item,negative
"I hate this purchase, it stopped working",negative
"fantastic experience, highly recommended overall",positive
nothing special but acceptable,neutral
terrible product and very poor quality,negative
the product is okay and average,neutral
average experience overall,neutral
very disappointed with the service and value,negative
horrible service and unreliable item,negative
the product failed my expectations,negative
delivery was on time and product was normal,neutral
"awful experience, not recommended",negative
"fantastic experience, highly recommended",positive
horrible service and unreliable item,negative
average experience overall,neutral
nothing special but acceptable,neutral
excellent product and amazing quality,positive
"awful experience, not recommended",negative
"good product, satisfied with my purchase",positive
reasonable quality for the price,neutral
the service was neither good nor bad,neutral
very happy with the service and value,positive
"good product, satisfied with my purchase",positive
very disappointed with the service and value,negative
very disappointed with the service and value after one week,negative
"fantastic experience, highly recommended",positive
wonderful service and reliable item,positive
"awful experience, not recommended",negative
bad quality and late delivery,negative
the service was neither good nor bad,neutral
bad quality and late delivery,negative
"good product, satisfied with my purchase",positive
"good product, satisfied with my purchase",positive
product works as described,neutral
excellent product and amazing quality,positive
delivery was on time and product was normal,neutral
the service was neither good nor bad,neutral
"I love this purchase, it works perfectly",positive
product works as described,neutral
"I love this purchase, it works perfectly",positive
delivery was on time and product was normal,neutral
"I love this purchase, it works perfectly",positive
terrible product and very poor quality,negative
nothing special but acceptable,neutral
excellent product and amazing quality,positive
very happy with the service and value,positive
horrible service and unreliable item,negative
very happy with the service and value after one week,positive
the product is okay and average,neutral
very disappointed with the service and value,negative
"I love this purchase, it works perfectly",positive
reasonable quality for the price,neutral
very happy with the service and value,positive
the product exceeded my expectations overall,positive
reasonable quality for the price,neutral
an ordinary purchase with expected results,neutral
nothing special but acceptable,neutral
nothing special but acceptable overall,neutral
product works as described,neutral
"I hate this purchase, it stopped working",negative
"I hate this purchase, it stopped working",negative
bad quality and late delivery,negative
terrible product and very poor quality,negative
an ordinary purchase with expected results,neutral
terrible product and very poor quality today,negative
"awful experience, not recommended",negative
"I love this purchase, it works perfectly",positive
wonderful service and reliable item after one week,positive
nothing special but acceptable,neutral
great quality and fast delivery,positive
the product exceeded my expectations,positive
very disappointed with the service and value,negative
product works as described,neutral
"I love this purchase, it works perfectly",positive
reasonable quality for the price,neutral
"fantastic experience, highly recommended",positive
average experience overall,neutral
bad quality and late delivery,negative
"poor product, dissatisfied with my purchase",negative
the product failed my expectations overall,negative
product works as described,neutral
"I hate this purchase, it stopped working",negative
"I love this purchase, it works perfectly",positive
"awful experience, not recommended",negative
very disappointed with the service and value,negative
"poor product, dissatisfied with my purchase",negative
very happy with the service and value,positive
very happy with the service and value,positive
wonderful service and reliable item,positive
"I love this purchase, it works perfectly",positive
"poor product, dissatisfied with my purchase",negative
"poor product, dissatisfied with my purchase",negative
the product exceeded my expectations,positive
very happy with the service and value,positive
delivery was on time and product was normal,neutral
an ordinary purchase with expected results today,neutral
"I love this purchase, it works perfectly for my family",positive
great quality and fast delivery,positive
terrible product and very poor quality,negative
an ordinary purchase with expected results,neutral
bad quality and late delivery,negative
the product failed my expectations,negative
the service was neither good nor bad,neutral
"I hate this purchase, it stopped working for my family",negative
terrible product and very poor quality,negative
reasonable quality for the price,neutral
delivery was on time and product was normal for my family,neutral
great quality and fast delivery,positive
"I hate this purchase, it stopped working",negative
the product exceeded my expectations,positive
terrible product and very poor quality,negative
horrible service and unreliable item,negative
wonderful service and reliable item,positive
"fantastic experience, highly recommended",positive
excellent product and amazing quality today,positive
an ordinary purchase with expected results,neutral
"I love this purchase, it works perfectly",positive
very happy with the service and value after one week,positive
very disappointed with the service and value,negative
the product failed my expectations,negative
nothing special but acceptable,neutral
the product is okay and average,neutral
great quality and fast delivery,positive
the product is okay and average,neutral
nothing special but acceptable,neutral
horrible service and unreliable item,negative
"awful experience, not recommended",negative
delivery was on time and product was normal,neutral
"awful experience, not recommended",negative
"I love this purchase, it works perfectly",positive
excellent product and amazing quality,positive
nothing special but acceptable,neutral
bad quality and late delivery,negative
the product exceeded my expectations,positive
very disappointed with the service and value,negative
excellent product and amazing quality,positive
reasonable quality for the price,neutral
the service was neither good nor bad,neutral
the product failed my expectations,negative
"I love this purchase, it works perfectly",positive
an ordinary purchase with expected results,neutral
delivery was on time and product was normal,neutral
bad quality and late delivery,negative
"fantastic experience, highly recommended",positive
horrible service and unreliable item,negative
"fantastic experience, highly recommended",positive
"I love this purchase, it works perfectly",positive
"I love this purchase, it works perfectly",positive
the product is okay and average today,neutral
the service was neither good nor bad,neutral
"good product, satisfied with my purchase",positive
the service was neither good nor bad overall,neutral
the product is okay and average,neutral
the service was neither good nor bad,neutral
bad quality and late delivery today,negative
very disappointed with the service and value,negative
"good product, satisfied with my purchase for my family",positive
an ordinary purchase with expected results,neutral
wonderful service and reliable item,positive
"fantastic experience, highly recommended",positive
excellent product and amazing quality,positive
very disappointed with the service and value,negative
great quality and fast delivery,positive
wonderful service and reliable item,positive
nothing special but acceptable,neutral
"poor product, dissatisfied with my purchase",negative
bad quality and late delivery today,negative
very disappointed with the service and value,negative
"fantastic experience, highly recommended",positive
great quality and fast delivery,positive
"I hate this purchase, it stopped working",negative
very happy with the service and value,positive
the service was neither good nor bad,neutral
"awful experience, not recommended",negative
product works as described,neutral
the product exceeded my expectations,positive
"fantastic experience, highly recommended",positive
very disappointed with the service and value,negative
very happy with the service and value,positive
the product exceeded my expectations,positive
"fantastic experience, highly recommended",positive
wonderful service and reliable item,positive
reasonable quality for the price,neutral
very happy with the service and value,positive
bad quality and late delivery,negative
bad quality and late delivery,negative
"good product, satisfied with my purchase",positive
nothing special but acceptable,neutral
"poor product, dissatisfied with my purchase",negative
nothing special but acceptable,neutral
"poor product, dissatisfied with my purchase",negative
average experience overall,neutral
delivery was on time and product was normal for my family,neutral
"I hate this purchase, it stopped working",negative
"I love this purchase, it works perfectly",positive
delivery was on time and product was normal,neutral
average experience overall after one week,neutral
excellent product and amazing quality,positive
"good product, satisfied with my purchase",positive
the product is okay and average,neutral
great quality and fast delivery today,positive
nothing special but acceptable,neutral
nothing special but acceptable,neutral
"I hate this purchase, it stopped working",negative
very happy with the service and value,positive
the product failed my expectations,negative
average experience overall,neutral
average experience overall,neutral
terrible product and very poor quality,negative
the product failed my expectations,negative
the product is okay and average,neutral
delivery was on time and product was normal,neutral
terrible product and very poor quality,negative
product works as described for my family,neutral
the product exceeded my expectations,positive
average experience overall,neutral
the product exceeded my expectations,positive
the product failed my expectations,negative
very disappointed with the service and value,negative
an ordinary purchase with expected results,neutral
excellent product and amazing quality today,positive
wonderful service and reliable item,positive
"good product, satisfied with my purchase",positive
product works as described,neutral
excellent product and amazing quality,positive
wonderful service and reliable item,positive
excellent product and amazing quality,positive
terrible product and very poor quality,negative
"good product, satisfied with my purchase for my family",positive
product works as described,neutral
the service was neither good nor bad,neutral
reasonable quality for the price,neutral
"awful experience, not recommended overall",negative
delivery was on time and product was normal,neutral
excellent product and amazing quality,positive
"I hate this purchase, it stopped working",negative
nothing special but acceptable,neutral
the product exceeded my expectations,positive
great quality and fast delivery,positive
"poor product, dissatisfied with my purchase",negative
great quality and fast delivery,positive
excellent product and amazing quality,positive
horrible service and unreliable item,negative
an ordinary purchase with expected results,neutral
very disappointed with the service and value,negative
very disappointed with the service and value,negative
the product failed my expectations,negative
horrible service and unreliable item,negative
reasonable quality for the price,neutral
the product is okay and average today,neutral
"good product, satisfied with my purchase",positive
nothing special but acceptable,neutral
the product is okay and average today,neutral
wonderful service and reliable item,positive
the product is okay and average,neutral
"I hate this purchase, it stopped working",negative
"awful experience, not recommended",negative
the product is okay and average,neutral
"good product, satisfied with my purchase",positive
great quality and fast delivery,positive
the product exceeded my expectations,positive
delivery was on time and product was normal,neutral
bad quality and late delivery today,negative
horrible service and unreliable item,negative
reasonable quality for the price,neutral
"fantastic experience, highly recommended",positive
delivery was on time and product was normal,neutral
wonderful service and reliable item after one week,positive
the product failed my expectations,negative
"I love this purchase, it works perfectly",positive
very disappointed with the service and value,negative
an ordinary purchase with expected results,neutral
"poor product, dissatisfied with my purchase for my family",negative
"awful experience, not recommended overall",negative
"I hate this purchase, it stopped working",negative
the service was neither good nor bad,neutral
"poor product, dissatisfied with my purchase",negative
"I hate this purchase, it stopped working",negative
the product is okay and average,neutral
horrible service and unreliable item,negative
reasonable quality for the price after one week,neutral
"good product, satisfied with my purchase",positive
product works as described,neutral
very happy with the service and value,positive
very disappointed with the service and value,negative
"I love this purchase, it works perfectly for my family",positive
bad quality and late delivery,negative
an ordinary purchase with expected results,neutral
wonderful service and reliable item,positive
product works as described,neutral
"poor product, dissatisfied with my purchase",negative
the product is okay and average,neutral
"awful experience, not recommended",negative
wonderful service and reliable item,positive
average experience overall,neutral
great quality and fast delivery,positive
excellent product and amazing quality,positive
very disappointed with the service and value,negative
the product failed my expectations,negative
"awful experience, not recommended",negative
wonderful service and reliable item,positive
excellent product and amazing quality,positive
great quality and fast delivery today,positive
the service was neither good nor bad,neutral
very happy with the service and value,positive
average experience overall after one week,neutral
"poor product, dissatisfied with my purchase",negative
terrible product and very poor quality,negative
delivery was on time and product was normal,neutral
the service was neither good nor bad overall,neutral
the product is okay and average,neutral
"fantastic experience, highly recommended",positive
very happy with the service and value,positive
great quality and fast delivery,positive
very happy with the service and value,positive
reasonable quality for the price,neutral
the product failed my expectations,negative
very disappointed with the service and value,negative
the service was neither good nor bad,neutral
horrible service and unreliable item after one week,negative
wonderful service and reliable item,positive
"poor product, dissatisfied with my purchase",negative
wonderful service and reliable item after one week,positive
nothing special but acceptable overall,neutral
bad quality and late delivery,negative
"fantastic experience, highly recommended",positive
"good product, satisfied with my purchase",positive
product works as described,neutral
bad quality and late delivery,negative
"I love this purchase, it works perfectly for my family",positive
product works as described for my family,neutral
"I love this purchase, it works perfectly",positive
an ordinary purchase with expected results,neutral
"good product, satisfied with my purchase",positive
"I hate this purchase, it stopped working",negative
terrible product and very poor quality,negative
bad quality and late delivery today,negative
an ordinary purchase with expected results,neutral
great quality and fast delivery,positive
"awful experience, not recommended overall",negative
the service was neither good nor bad,neutral
reasonable quality for the price,neutral
"awful experience, not recommended",negative
the product is okay and average,neutral
"awful experience, not recommended",negative
"I love this purchase, it works perfectly",positive
the product is okay and average today,neutral
the product exceeded my expectations,positive
very happy with the service and value,positive
reasonable quality for the price,neutral
the product is okay and average today,neutral
very disappointed with the service and value,negative
"good product, satisfied with my purchase",positive
"I love this purchase, it works perfectly",positive
nothing special but acceptable,neutral
the service was neither good nor bad,neutral
product works as described for my family,neutral
the service was neither good nor bad,neutral
horrible service and unreliable item after one week,negative
the service was neither good nor bad,neutral
"awful experience, not recommended",negative
terrible product and very poor quality today,negative
wonderful service and reliable item,positive
excellent product and amazing quality,positive
"fantastic experience, highly recommended overall",positive
bad quality and late delivery,negative
bad quality and late delivery,negative
the service was neither good nor bad,neutral
very happy with the service and value,positive
"fantastic experience, highly recommended",positive
product works as described,neutral
bad quality and late delivery,negative
great quality and fast delivery,positive
great quality and fast delivery,positive
bad quality and late delivery,negative
"good product, satisfied with my purchase for my family",positive
terrible product and very poor quality,negative
terrible product and very poor quality,negative
very happy with the service and value,positive
delivery was on time and product was normal,neutral
excellent product and amazing quality,positive
the product is okay and average,neutral
very happy with the service and value,positive
the product is okay and average,neutral
the service was neither good nor bad,neutral
the product is okay and average,neutral
reasonable quality for the price after one week,neutral
excellent product and amazing quality,positive
great quality and fast delivery,positive
the product exceeded my expectations overall,positive
"good product, satisfied with my purchase",positive
the service was neither good nor bad,neutral
average experience overall,neutral
reasonable quality for the price,neutral
nothing special but acceptable,neutral
excellent product and amazing quality,positive
excellent product and amazing quality,positive
"poor product, dissatisfied with my purchase for my family",negative
"I hate this purchase, it stopped working",negative
the product exceeded my expectations,positive
bad quality and late delivery,negative
"I hate this purchase, it stopped working",negative
very disappointed with the service and value,negative
"poor product, dissatisfied with my purchase",negative
"poor product, dissatisfied with my purchase",negative
"awful experience, not recommended",negative
excellent product and amazing quality,positive
delivery was on time and product was normal,neutral
average experience overall,neutral
very happy with the service and value,positive
very happy with the service and value,positive
very disappointed with the service and value,negative
"poor product, dissatisfied with my purchase",negative
delivery was on time and product was normal for my family,neutral
horrible service and unreliable item after one week,negative
"I hate this purchase, it stopped working",negative
average experience overall,neutral
"awful experience, not recommended",negative
bad quality and late delivery,negative
"fantastic experience, highly recommended",positive
"fantastic experience, highly recommended",positive
great quality and fast delivery today,positive
nothing special but acceptable,neutral
very happy with the service and value,positive
delivery was on time and product was normal,neutral
horrible service and unreliable item,negative
"awful experience, not recommended",negative
the product failed my expectations,negative
terrible product and very poor quality,negative
nothing special but acceptable,neutral
an ordinary purchase with expected results,neutral
product works as described,neutral
"fantastic experience, highly recommended",positive
"I hate this purchase, it stopped working",negative
product works as described,neutral
"good product, satisfied with my purchase for my family",positive
"poor product, dissatisfied with my purchase",negative
"poor product, dissatisfied with my purchase",negative
wonderful service and reliable item,positive
average experience overall,neutral
"fantastic experience, highly recommended",positive
"poor product, dissatisfied with my purchase",negative
"I hate this purchase, it stopped working for my family",negative
horrible service and unreliable item,negative
terrible product and very poor quality,negative
"awful experience, not recommended",negative
"poor product, dissatisfied with my purchase",negative
the product exceeded my expectations,positive
"fantastic experience, highly recommended",positive
average experience overall,neutral
the service was neither good nor bad overall,neutral
"I hate this purchase, it stopped working",negative
nothing special but acceptable,neutral
the product exceeded my expectations,positive
"I hate this purchase, it stopped working",negative
"awful experience, not recommended",negative
very disappointed with the service and value after one week,negative
bad quality and late delivery,negative
reasonable quality for the price,neutral
product works as described,neutral
very happy with the service and value,positive
bad quality and late delivery,negative
the service was neither good nor bad,neutral
"I love this purchase, it works perfectly",positive
delivery was on time and product was normal,neutral
horrible service and unreliable item,negative
"I hate this purchase, it stopped working",negative
"good product, satisfied with my purchase",positive
great quality and fast delivery,positive
the product is okay and average,neutral
"I love this purchase, it works perfectly",positive
average experience overall,neutral
nothing special but acceptable,neutral
product works as described,neutral
"awful experience, not recommended",negative
product works as described,neutral
very happy with the service and value,positive
the product exceeded my expectations overall,positive
very happy with the service and value,positive
"poor product, dissatisfied with my purchase for my family",negative
nothing special but acceptable,neutral
great quality and fast delivery,positive
product works as described,neutral
very disappointed with the service and value after one week,negative
excellent product and amazing quality,positive
very happy with the service and value after one week,positive
product works as described,neutral
great quality and fast delivery,positive
the product exceeded my expectations,positive
"awful experience, not recommended",negative
an ordinary purchase with expected results today,neutral
the service was neither good nor bad,neutral
wonderful service and reliable item,positive
wonderful service and reliable item,positive
great quality and fast delivery,positive
excellent product and amazing quality,positive
"fantastic experience, highly recommended",positive
"poor product, dissatisfied with my purchase",negative
delivery was on time and product was normal for my family,neutral
"I love this purchase, it works perfectly",positive
"good product, satisfied with my purchase",positive
terrible product and very poor quality,negative
"poor product, dissatisfied with my purchase",negative
nothing special but acceptable overall,neutral
very happy with the service and value,positive
"fantastic experience, highly recommended",positive
"poor product, dissatisfied with my purchase",negative
"I hate this purchase, it stopped working",negative
horrible service and unreliable item,negative
horrible service and unreliable item,negative
bad quality and late delivery,negative
very disappointed with the service and value after one week,negative
the product failed my expectations overall,negative
product works as described,neutral
"good product, satisfied with my purchase",positive
the product is okay and average,neutral
an ordinary purchase with expected results,neutral
product works as described,neutral
the product exceeded my expectations,positive
an ordinary purchase with expected results,neutral
excellent product and amazing quality,positive
nothing special but acceptable,neutral
"good product, satisfied with my purchase",positive
horrible service and unreliable item,negative
wonderful service and reliable item after one week,positive
the product exceeded my expectations,positive
"I hate this purchase, it stopped working",negative
great quality and fast delivery,positive
very disappointed with the service and value,negative
excellent product and amazing quality,positive
wonderful service and reliable item after one week,positive
the product exceeded my expectations,positive
excellent product and amazing quality,positive
average experience overall after one week,neutral
average experience overall,neutral
excellent product and amazing quality today,positive
the product exceeded my expectations,positive
the product is okay and average today,neutral
delivery was on time and product was normal,neutral
"fantastic experience, highly recommended",positive
horrible service and unreliable item,negative
wonderful service and reliable item,positive
"poor product, dissatisfied with my purchase",negative
"I hate this purchase, it stopped working",negative
excellent product and amazing quality today,positive
"good product, satisfied with my purchase",positive
delivery was on time and product was normal,neutral
terrible product and very poor quality,negative
reasonable quality for the price,neutral
very happy with the service and value after one week,positive
"poor product, dissatisfied with my purchase for my family",negative
"poor product, dissatisfied with my purchase",negative
delivery was on time and product was normal,neutral
delivery was on time and product was normal,neutral
terrible product and very poor quality,negative
"I hate this purchase, it stopped working for my family",negative
bad quality and late delivery,negative
bad quality and late delivery,negative
bad quality and late delivery,negative
delivery was on time and product was normal,neutral
the product failed my expectations,negative
an ordinary purchase with expected results,neutral
"awful experience, not recommended",negative
average experience overall,neutral
the product is okay and average,neutral
horrible service and unreliable item,negative
an ordinary purchase with expected results,neutral
product works as described,neutral
"good product, satisfied with my purchase for my family",positive
"poor product, dissatisfied with my purchase",negative
the service was neither good nor bad overall,neutral
very disappointed with the service and value,negative
wonderful service and reliable item,positive
very disappointed with the service and value,negative
the product failed my expectations,negative
reasonable quality for the price,neutral
very disappointed with the service and value,negative
"fantastic experience, highly recommended",positive
product works as described,neutral
reasonable quality for the price,neutral
"I love this purchase, it works perfectly",positive
the product exceeded my expectations overall,positive
the product is okay and average,neutral
horrible service and unreliable item,negative
horrible service and unreliable item,negative
wonderful service and reliable item,positive
wonderful service and reliable item,positive
delivery was on time and product was normal,neutral
the product failed my expectations,negative
delivery was on time and product was normal,neutral
"fantastic experience, highly recommended",positive
horrible service and unreliable item,negative
very disappointed with the service and value,negative
an ordinary purchase with expected results,neutral
product works as described,neutral
"good product, satisfied with my purchase",positive
bad quality and late delivery,negative
"fantastic experience, highly recommended overall",positive
wonderful service and reliable item,positive
"poor product, dissatisfied with my purchase",negative
terrible product and very poor quality,negative
great quality and fast delivery,positive
"fantastic experience, highly recommended",positive
the product exceeded my expectations,positive
reasonable quality for the price after one week,neutral
product works as described,neutral
product works as described,neutral
an ordinary purchase with expected results,neutral
"poor product, dissatisfied with my purchase for my family",negative
an ordinary purchase with expected results,neutral
reasonable quality for the price,neutral
horrible service and unreliable item,negative
nothing special but acceptable,neutral
nothing special but acceptable overall,neutral
terrible product and very poor quality,negative
"fantastic experience, highly recommended overall",positive
average experience overall,neutral
bad quality and late delivery,negative
the product exceeded my expectations,positive
"good product, satisfied with my purchase",positive
product works as described for my family,neutral
"fantastic experience, highly recommended",positive
nothing special but acceptable,neutral
"awful experience, not recommended overall",negative
great quality and fast delivery today,positive
"I love this purchase, it works perfectly for my family",positive
product works as described,neutral
"fantastic experience, highly recommended",positive
very happy with the service and value,positive
terrible product and very poor quality,negative
excellent product and amazing quality,positive
nothing special but acceptable,neutral
"poor product, dissatisfied with my purchase",negative
very happy with the service and value,positive
"awful experience, not recommended",negative
"I love this purchase, it works perfectly",positive
bad quality and late delivery,negative
bad quality and late delivery today,negative
the service was neither good nor bad,neutral
nothing special but acceptable,neutral
terrible product and very poor quality,negative
reasonable quality for the price after one week,neutral
"awful experience, not recommended",negative
wonderful service and reliable item,positive
bad quality and late delivery,negative
reasonable quality for the price,neutral
bad quality and late delivery today,negative
average experience overall,neutral
very disappointed with the service and value,negative
terrible product and very poor quality,negative
delivery was on time and product was normal,neutral
reasonable quality for the price,neutral
bad quality and late delivery,negative
"awful experience, not recommended",negative
terrible product and very poor quality,negative
the product is okay and average,neutral
horrible service and unreliable item,negative
very disappointed with the service and value after one week,negative
excellent product and amazing quality today,positive
product works as described,neutral
average experience overall,neutral
"awful experience, not recommended",negative
"I love this purchase, it works perfectly for my family",positive
excellent product and amazing quality today,positive
product works as described,neutral
"fantastic experience, highly recommended",positive
great quality and fast delivery,positive
great quality and fast delivery,positive
very disappointed with the service and value,negative
nothing special but acceptable,neutral
great quality and fast delivery,positive
terrible product and very poor quality,negative
wonderful service and reliable item,positive
wonderful service and reliable item,positive
reasonable quality for the price after one week,neutral
very happy with the service and value after one week,positive
wonderful service and reliable item after one week,positive
terrible product and very poor quality,negative
average experience overall,neutral
the service was neither good nor bad,neutral
great quality and fast delivery,positive
"good product, satisfied with my purchase",positive
excellent product and amazing quality today,positive
very happy with the service and value,positive
"fantastic experience, highly recommended",positive
product works as described,neutral
"fantastic experience, highly recommended",positive
the service was neither good nor bad,neutral
terrible product and very poor quality,negative
the product is okay and average,neutral
horrible service and unreliable item,negative
terrible product and very poor quality,negative
very disappointed with the service and value,negative
terrible product and very poor quality,negative
an ordinary purchase with expected results,neutral
"I love this purchase, it works perfectly",positive
the product is okay and average,neutral
"poor product, dissatisfied with my purchase",negative
great quality and fast delivery,positive
very happy with the service and value after one week,positive
horrible service and unreliable item,negative
"poor product, dissatisfied with my purchase for my family",negative
wonderful service and reliable item,positive
the service was neither good nor bad,neutral
very happy with the service and value,positive
terrible product and very poor quality today,negative
the service was neither good nor bad,neutral
"poor product, dissatisfied with my purchase",negative
"awful experience, not recommended",negative
bad quality and late delivery,negative
delivery was on time and product was normal,neutral
great quality and fast delivery,positive
great quality and fast delivery,positive
excellent product and amazing quality,positive
"fantastic experience, highly recommended",positive
wonderful service and reliable item,positive
the product exceeded my expectations,positive
"I hate this purchase, it stopped working",negative
"poor product, dissatisfied with my purchase",negative
the product exceeded my expectations overall,positive
the product failed my expectations,negative
an ordinary purchase with expected results,neutral
excellent product and amazing quality,positive
product works as described,neutral
an ordinary purchase with expected results,neutral
the product failed my expectations,negative
nothing special but acceptable,neutral
the product failed my expectations,negative
the product is okay and average,neutral
"I hate this purchase, it stopped working",negative
horrible service and unreliable item,negative
excellent product and amazing quality today,positive
very happy with the service and value,positive
the product failed my expectations overall,negative
great quality and fast delivery,positive
product works as described,neutral
an ordinary purchase with expected results,neutral
an ordinary purchase with expected results,neutral
great quality and fast delivery,positive
very disappointed with the service and value,negative
nothing special but acceptable overall,neutral
bad quality and late delivery,negative
"I hate this purchase, it stopped working",negative
"I love this purchase, it works perfectly",positive
the product is okay and average,neutral
reasonable quality for the price,neutral
average experience overall,neutral
bad quality and late delivery,negative
"awful experience, not recommended",negative
the service was neither good nor bad,neutral
"I love this purchase, it works perfectly",positive
very disappointed with the service and value,negative
average experience overall,neutral
terrible product and very poor quality today,negative
very happy with the service and value,positive
delivery was on time and product was normal,neutral
wonderful service and reliable item,positive
"I love this purchase, it works perfectly",positive
an ordinary purchase with expected results,neutral
average experience overall,neutral
"good product, satisfied with my purchase",positive
excellent product and amazing quality,positive
great quality and fast delivery,positive
"poor product, dissatisfied with my purchase",negative
"awful experience, not recommended",negative
the product exceeded my expectations,positive
"poor product, dissatisfied with my purchase",negative
"fantastic experience, highly recommended",positive
"I hate this purchase, it stopped working",negative
very disappointed with the service and value,negative
excellent product and amazing quality,positive
average experience overall,neutral
the product exceeded my expectations,positive
great quality and fast delivery today,positive
terrible product and very poor quality,negative
great quality and fast delivery,positive
the service was neither good nor bad,neutral
terrible product and very poor quality,negative
the product failed my expectations,negative
the product exceeded my expectations overall,positive
product works as described,neutral
the product exceeded my expectations,positive
"good product, satisfied with my purchase",positive
"poor product, dissatisfied with my purchase",negative
product works as described,neutral
average experience overall,neutral
nothing special but acceptable,neutral
"I love this purchase, it works perfectly",positive
very happy with the service and value,positive
"awful experience, not recommended",negative
bad quality and late delivery,negative
average experience overall,neutral
"I hate this purchase, it stopped working",negative
the product failed my expectations,negative
the product failed my expectations,negative
