Customer_ID,Recency,Frequency,Monetary,Average_Purchase_Value,Lifetime_Value_Proxy,Cluster,Customer_Type
C10000,40,11,24023.98,2183.998181818182,24023.98,2,At-Risk / Low Value
C10001,22,7,18747.29,2678.184285714286,18747.29,0,Potential / Growing
C10002,12,12,27303.05,2275.2541666666666,27303.05,3,Potential / Growing
C10003,31,10,19044.97,1904.497,19044.97,2,At-Risk / Low Value
C10004,5,10,30586.620000000003,3058.6620000000003,30586.620000000003,3,Potential / Growing
C10005,1,9,36737.55,4081.9500000000003,36737.55,1,Champions / High Value
C10006,43,6,14025.160000000002,2337.526666666667,14025.160000000002,2,At-Risk / Low Value
C10007,2,8,12815.68,1601.96,12815.68,0,Potential / Growing
C10008,42,8,9510.78,1188.8475,9510.78,2,At-Risk / Low Value
C10009,1,6,6900.8,1150.1333333333334,6900.8,0,Potential / Growing
C10010,23,9,16707.14,1856.3488888888887,16707.14,0,Potential / Growing
C10011,36,6,12877.470000000001,2146.2450000000003,12877.470000000001,2,At-Risk / Low Value
C10012,2,9,22586.14,2509.571111111111,22586.14,3,Potential / Growing
C10013,1,12,25988.579999999998,2165.7149999999997,25988.579999999998,3,Potential / Growing
C10014,10,13,27105.760000000002,2085.058461538462,27105.760000000002,1,Champions / High Value
C10015,6,12,20548.940000000002,1712.4116666666669,20548.940000000002,3,Potential / Growing
C10016,2,5,19926.33,3985.2660000000005,19926.33,0,Potential / Growing
C10017,33,6,6418.3,1069.7166666666667,6418.3,2,At-Risk / Low Value
C10018,11,12,43002.08,3583.5066666666667,43002.08,1,Champions / High Value
C10019,13,11,32843.55,2985.777272727273,32843.55,1,Champions / High Value
C10020,31,6,8493.79,1415.631666666667,8493.79,2,At-Risk / Low Value
C10021,7,16,36035.91,2252.244375,36035.91,1,Champions / High Value
C10022,41,7,12713.89,1816.27,12713.89,2,At-Risk / Low Value
C10023,3,8,14875.02,1859.3775,14875.02,0,Potential / Growing
C10024,4,12,20543.57,1711.9641666666666,20543.57,3,Potential / Growing
C10025,5,8,20115.879999999997,2514.4849999999997,20115.879999999997,0,Potential / Growing
C10026,8,13,24323.13,1871.01,24323.13,3,Potential / Growing
C10027,8,9,20320.57,2257.841111111111,20320.57,3,Potential / Growing
C10028,6,6,12911.42,2151.903333333333,12911.42,0,Potential / Growing
C10029,3,11,24014.26,2183.1145454545454,24014.26,3,Potential / Growing
C10030,2,15,29550.78,1970.052,29550.78,1,Champions / High Value
C10031,26,9,25409.86,2823.317777777778,25409.86,3,Potential / Growing
C10032,6,5,11011.6,2202.32,11011.6,0,Potential / Growing
C10033,10,12,23725.13,1977.0941666666668,23725.13,3,Potential / Growing
C10034,6,13,19199.81,1476.9084615384616,19199.81,3,Potential / Growing
C10035,1,10,41662.92,4166.2919999999995,41662.92,1,Champions / High Value
C10036,2,16,38588.1,2411.75625,38588.1,1,Champions / High Value
C10037,4,4,27452.06,6863.015,27452.06,0,Potential / Growing
C10038,3,5,9769.22,1953.8439999999998,9769.22,0,Potential / Growing
C10039,16,9,21234.0,2359.3333333333335,21234.0,3,Potential / Growing
C10040,4,16,27083.64,1692.7275,27083.64,1,Champions / High Value
C10041,11,9,17707.510000000002,1967.5011111111114,17707.510000000002,0,Potential / Growing
C10042,12,7,19955.82,2850.8314285714287,19955.82,0,Potential / Growing
C10043,27,11,18143.5,1649.409090909091,18143.5,3,Potential / Growing
C10044,12,7,17179.25,2454.1785714285716,17179.25,0,Potential / Growing
C10045,17,6,6148.6900000000005,1024.7816666666668,6148.6900000000005,0,Potential / Growing
C10046,11,9,33445.61,3716.178888888889,33445.61,3,Potential / Growing
C10047,2,4,10500.119999999999,2625.0299999999997,10500.119999999999,0,Potential / Growing
C10048,5,9,10524.19,1169.3544444444444,10524.19,0,Potential / Growing
C10049,29,9,13611.8,1512.4222222222222,13611.8,2,At-Risk / Low Value
C10050,12,6,6004.799999999999,1000.7999999999998,6004.799999999999,0,Potential / Growing
C10051,29,10,11726.99,1172.699,11726.99,2,At-Risk / Low Value
C10052,33,9,17979.41,1997.7122222222222,17979.41,2,At-Risk / Low Value
C10053,1,14,32745.96,2338.997142857143,32745.96,1,Champions / High Value
C10054,15,11,25312.02,2301.092727272727,25312.02,3,Potential / Growing
C10055,8,12,37731.6,3144.2999999999997,37731.6,1,Champions / High Value
C10056,3,13,23153.99,1781.076153846154,23153.99,3,Potential / Growing
C10057,8,11,21065.71,1915.0645454545454,21065.71,3,Potential / Growing
C10058,5,14,42697.08,3049.7914285714287,42697.08,1,Champions / High Value
C10059,17,13,35791.909999999996,2753.223846153846,35791.909999999996,1,Champions / High Value
C10060,10,9,23652.37,2628.041111111111,23652.37,3,Potential / Growing
C10061,3,13,21366.51,1643.5776923076921,21366.51,3,Potential / Growing
C10062,10,13,37514.6,2885.7384615384613,37514.6,1,Champions / High Value
C10063,12,13,23430.74,1802.3646153846155,23430.74,3,Potential / Growing
C10064,14,10,44101.58,4410.158,44101.58,1,Champions / High Value
C10065,6,10,16283.25,1628.325,16283.25,3,Potential / Growing
C10066,6,9,21256.53,2361.8366666666666,21256.53,3,Potential / Growing
C10067,16,8,22588.09,2823.51125,22588.09,3,Potential / Growing
C10068,16,10,17533.26,1753.3259999999998,17533.26,3,Potential / Growing
C10069,5,10,15436.26,1543.626,15436.26,0,Potential / Growing
C10070,9,8,16450.03,2056.25375,16450.03,0,Potential / Growing
C10071,28,17,46418.4,2730.494117647059,46418.4,1,Champions / High Value
C10072,48,9,15923.16,1769.24,15923.16,2,At-Risk / Low Value
C10073,18,11,15672.58,1424.78,15672.58,3,Potential / Growing
C10074,2,13,37456.76,2881.289230769231,37456.76,1,Champions / High Value
C10075,4,7,10794.400000000001,1542.0571428571432,10794.400000000001,0,Potential / Growing
C10076,1,18,53760.46,2986.692222222222,53760.46,1,Champions / High Value
C10077,18,9,12735.59,1415.0655555555556,12735.59,0,Potential / Growing
C10078,10,10,12687.48,1268.748,12687.48,0,Potential / Growing
C10079,4,11,42370.76,3851.887272727273,42370.76,1,Champions / High Value
C10080,13,10,17486.38,1748.6380000000001,17486.38,3,Potential / Growing
C10081,33,9,32539.670000000002,3615.5188888888893,32539.670000000002,3,Potential / Growing
C10082,9,10,17139.5,1713.95,17139.5,3,Potential / Growing
C10083,1,12,28551.210000000003,2379.2675000000004,28551.210000000003,1,Champions / High Value
C10084,3,12,18245.94,1520.495,18245.94,3,Potential / Growing
C10085,28,7,20235.44,2890.7771428571427,20235.44,2,At-Risk / Low Value
C10086,18,10,15983.060000000001,1598.306,15983.060000000001,3,Potential / Growing
C10087,7,5,10018.96,2003.792,10018.96,0,Potential / Growing
C10088,10,10,17853.15,1785.315,17853.15,3,Potential / Growing
C10089,16,13,33049.380000000005,2542.26,33049.380000000005,1,Champions / High Value
C10090,10,13,21346.74,1642.056923076923,21346.74,3,Potential / Growing
C10091,5,10,13813.79,1381.3790000000001,13813.79,0,Potential / Growing
C10092,1,17,19502.32,1147.195294117647,19502.32,1,Champions / High Value
C10093,22,15,28459.850000000002,1897.3233333333335,28459.850000000002,1,Champions / High Value
C10094,1,7,23400.82,3342.9742857142855,23400.82,0,Potential / Growing
C10095,94,4,3728.29,932.0725,3728.29,2,At-Risk / Low Value
C10096,1,14,29814.99,2129.642142857143,29814.99,1,Champions / High Value
C10097,1,14,36681.28,2620.0914285714284,36681.28,1,Champions / High Value
C10098,28,7,16350.880000000001,2335.84,16350.880000000001,2,At-Risk / Low Value
C10099,1,16,53576.3,3348.51875,53576.3,1,Champions / High Value
C10100,9,8,17710.65,2213.83125,17710.65,0,Potential / Growing
C10101,2,12,26800.71,2233.3925,26800.71,3,Potential / Growing
C10102,5,8,19552.02,2444.0025,19552.02,0,Potential / Growing
C10103,63,9,19980.79,2220.087777777778,19980.79,2,At-Risk / Low Value
C10104,5,11,20779.940000000002,1889.0854545454547,20779.940000000002,3,Potential / Growing
C10105,8,10,19123.280000000002,1912.3280000000002,19123.280000000002,3,Potential / Growing
C10106,12,15,30366.33,2024.422,30366.33,1,Champions / High Value
C10107,18,7,18577.27,2653.8957142857143,18577.27,0,Potential / Growing
C10108,14,11,25612.04,2328.367272727273,25612.04,3,Potential / Growing
C10109,22,9,15361.47,1706.83,15361.47,0,Potential / Growing
C10110,36,6,14493.54,2415.59,14493.54,2,At-Risk / Low Value
C10111,41,11,15523.87,1411.260909090909,15523.87,2,At-Risk / Low Value
C10112,6,14,26257.16,1875.5114285714285,26257.16,1,Champions / High Value
C10113,16,12,34581.39,2881.7825,34581.39,1,Champions / High Value
C10114,5,8,28073.34,3509.1675,28073.34,3,Potential / Growing
C10115,18,13,36208.07,2785.2361538461537,36208.07,1,Champions / High Value
C10116,3,10,20640.58,2064.058,20640.58,3,Potential / Growing
C10117,7,9,15522.89,1724.7655555555555,15522.89,0,Potential / Growing
C10118,4,16,28434.09,1777.130625,28434.09,1,Champions / High Value
C10119,25,13,26112.57,2008.6592307692308,26112.57,3,Potential / Growing
C10120,12,9,22460.09,2495.5655555555554,22460.09,3,Potential / Growing
C10121,3,14,30118.38,2151.3128571428574,30118.38,1,Champions / High Value
C10122,11,8,20268.96,2533.62,20268.96,0,Potential / Growing
C10123,6,7,24915.02,3559.2885714285717,24915.02,0,Potential / Growing
C10124,1,10,27654.039999999997,2765.4039999999995,27654.039999999997,3,Potential / Growing
C10125,40,10,13639.730000000001,1363.9730000000002,13639.730000000001,2,At-Risk / Low Value
C10126,4,6,13485.61,2247.601666666667,13485.61,0,Potential / Growing
C10127,17,9,18359.7,2039.9666666666667,18359.7,0,Potential / Growing
C10128,46,8,13375.72,1671.965,13375.72,2,At-Risk / Low Value
C10129,2,13,26710.16,2054.627692307692,26710.16,1,Champions / High Value
C10130,15,5,7461.97,1492.394,7461.97,0,Potential / Growing
C10131,2,9,18618.13,2068.681111111111,18618.13,0,Potential / Growing
C10132,1,6,11912.22,1985.37,11912.22,0,Potential / Growing
C10133,2,10,29708.120000000003,2970.8120000000004,29708.120000000003,3,Potential / Growing
C10134,5,12,33187.07,2765.5891666666666,33187.07,1,Champions / High Value
C10135,2,11,18732.25,1702.9318181818182,18732.25,3,Potential / Growing
C10136,15,11,22716.170000000002,2065.1063636363638,22716.170000000002,3,Potential / Growing
C10137,11,6,11777.29,1962.881666666667,11777.29,0,Potential / Growing
C10138,44,7,8907.53,1272.5042857142857,8907.53,2,At-Risk / Low Value
C10139,1,9,25686.25,2854.027777777778,25686.25,3,Potential / Growing
C10140,93,8,11446.36,1430.795,11446.36,2,At-Risk / Low Value
C10141,3,13,28628.79,2202.2146153846156,28628.79,1,Champions / High Value
C10142,10,7,19749.899999999998,2821.4142857142856,19749.899999999998,0,Potential / Growing
C10143,16,11,27468.97,2497.179090909091,27468.97,3,Potential / Growing
C10144,6,16,38253.61,2390.850625,38253.61,1,Champions / High Value
C10145,25,5,9439.91,1887.982,9439.91,0,Potential / Growing
C10146,1,16,26596.670000000002,1662.2918750000001,26596.670000000002,1,Champions / High Value
C10147,1,14,28753.77,2053.8407142857145,28753.77,1,Champions / High Value
C10148,1,13,26727.09,2055.93,26727.09,1,Champions / High Value
C10149,1,13,26343.39,2026.4146153846154,26343.39,1,Champions / High Value
C10150,26,5,17968.550000000003,3593.7100000000005,17968.550000000003,0,Potential / Growing
C10151,18,8,16250.37,2031.29625,16250.37,0,Potential / Growing
C10152,13,12,25740.06,2145.005,25740.06,3,Potential / Growing
C10153,23,10,8954.27,895.427,8954.27,0,Potential / Growing
C10154,1,12,16326.19,1360.5158333333334,16326.19,3,Potential / Growing
C10155,11,9,26103.850000000002,2900.427777777778,26103.850000000002,3,Potential / Growing
C10156,30,10,21604.29,2160.429,21604.29,3,Potential / Growing
C10157,1,9,13267.65,1474.1833333333334,13267.65,0,Potential / Growing
C10158,15,13,34874.36,2682.643076923077,34874.36,1,Champions / High Value
C10159,29,9,13028.49,1447.61,13028.49,2,At-Risk / Low Value
C10160,6,5,20625.18,4125.036,20625.18,0,Potential / Growing
C10161,10,8,19159.68,2394.96,19159.68,0,Potential / Growing
C10162,5,11,30665.5,2787.7727272727275,30665.5,3,Potential / Growing
C10163,8,8,10387.33,1298.41625,10387.33,0,Potential / Growing
C10164,26,9,13356.060000000001,1484.006666666667,13356.060000000001,0,Potential / Growing
C10165,7,9,23454.53,2606.0588888888888,23454.53,3,Potential / Growing
C10166,22,13,15501.57,1192.4284615384615,15501.57,3,Potential / Growing
C10167,31,5,12575.97,2515.194,12575.97,2,At-Risk / Low Value
C10168,18,10,24414.47,2441.447,24414.47,3,Potential / Growing
C10169,4,9,17583.41,1953.7122222222222,17583.41,0,Potential / Growing
C10170,1,13,17862.38,1374.029230769231,17862.38,3,Potential / Growing
C10171,21,11,23273.81,2115.800909090909,23273.81,3,Potential / Growing
C10172,7,13,25171.02,1936.2323076923078,25171.02,3,Potential / Growing
C10173,3,16,40368.25,2523.015625,40368.25,1,Champions / High Value
C10174,19,10,20780.47,2078.047,20780.47,3,Potential / Growing
C10175,54,5,10431.36,2086.272,10431.36,2,At-Risk / Low Value
C10176,21,8,11169.75,1396.21875,11169.75,0,Potential / Growing
C10177,4,12,29461.4,2455.116666666667,29461.4,1,Champions / High Value
C10178,6,7,16095.48,2299.3542857142857,16095.48,0,Potential / Growing
C10179,1,14,29538.02,2109.8585714285714,29538.02,1,Champions / High Value
C10180,34,13,30763.04,2366.3876923076923,30763.04,1,Champions / High Value
C10181,28,13,41201.869999999995,3169.374615384615,41201.869999999995,1,Champions / High Value
C10182,9,7,11656.89,1665.27,11656.89,0,Potential / Growing
C10183,9,10,14276.92,1427.692,14276.92,0,Potential / Growing
C10184,5,14,22848.54,1632.0385714285715,22848.54,3,Potential / Growing
C10185,9,9,20637.37,2293.041111111111,20637.37,3,Potential / Growing
C10186,1,9,35668.93,3963.2144444444443,35668.93,3,Potential / Growing
C10187,17,8,26696.93,3337.11625,26696.93,3,Potential / Growing
C10188,12,13,16580.29,1275.4069230769232,16580.29,3,Potential / Growing
C10189,8,11,24164.219999999998,2196.7472727272725,24164.219999999998,3,Potential / Growing
C10190,36,9,18327.81,2036.4233333333334,18327.81,2,At-Risk / Low Value
C10191,30,8,13293.52,1661.69,13293.52,2,At-Risk / Low Value
C10192,8,18,29591.64,1643.98,29591.64,1,Champions / High Value
C10193,4,8,12978.400000000001,1622.3000000000002,12978.400000000001,0,Potential / Growing
C10194,5,9,15665.14,1740.5711111111111,15665.14,0,Potential / Growing
C10195,33,12,24928.420000000002,2077.3683333333333,24928.420000000002,3,Potential / Growing
C10196,16,9,21615.73,2401.7477777777776,21615.73,3,Potential / Growing
C10197,5,12,33441.32,2786.7766666666666,33441.32,1,Champions / High Value
C10198,1,15,23099.53,1539.9686666666666,23099.53,1,Champions / High Value
C10199,46,5,17621.45,3524.29,17621.45,2,At-Risk / Low Value
C10200,8,12,23014.52,1917.8766666666668,23014.52,3,Potential / Growing
C10201,4,9,21308.78,2367.6422222222222,21308.78,3,Potential / Growing
C10202,14,11,29324.99,2665.908181818182,29324.99,3,Potential / Growing
C10203,7,16,27388.440000000002,1711.7775000000001,27388.440000000002,1,Champions / High Value
C10204,51,7,24487.290000000005,3498.1842857142865,24487.290000000005,2,At-Risk / Low Value
C10205,9,16,23893.99,1493.374375,23893.99,1,Champions / High Value
C10206,17,10,22133.02,2213.302,22133.02,3,Potential / Growing
C10207,5,7,16190.93,2312.9900000000002,16190.93,0,Potential / Growing
C10208,34,11,22210.19,2019.1081818181817,22210.19,3,Potential / Growing
C10209,23,7,9683.06,1383.2942857142857,9683.06,0,Potential / Growing
C10210,22,10,30827.420000000002,3082.742,30827.420000000002,3,Potential / Growing
C10211,18,11,31235.27,2839.57,31235.27,3,Potential / Growing
C10212,52,5,8685.960000000001,1737.1920000000002,8685.960000000001,2,At-Risk / Low Value
C10213,42,5,5443.05,1088.6100000000001,5443.05,2,At-Risk / Low Value
C10214,14,3,16089.96,5363.32,16089.96,0,Potential / Growing
C10215,6,11,25836.260000000002,2348.7509090909093,25836.260000000002,3,Potential / Growing
C10216,1,12,31405.059999999998,2617.088333333333,31405.059999999998,1,Champions / High Value
C10217,24,6,8756.77,1459.4616666666668,8756.77,0,Potential / Growing
C10218,17,8,8336.56,1042.07,8336.56,0,Potential / Growing
C10219,5,13,34040.02,2618.4630769230766,34040.02,1,Champions / High Value
C10220,57,5,9718.09,1943.618,9718.09,2,At-Risk / Low Value
C10221,14,13,29677.670000000002,2282.8976923076925,29677.670000000002,1,Champions / High Value
C10222,23,13,16977.65,1305.973076923077,16977.65,3,Potential / Growing
C10223,37,7,8576.039999999999,1225.1485714285714,8576.039999999999,2,At-Risk / Low Value
C10224,20,9,17407.88,1934.208888888889,17407.88,0,Potential / Growing
C10225,34,6,8036.7,1339.45,8036.7,2,At-Risk / Low Value
C10226,18,12,20519.85,1709.9875,20519.85,3,Potential / Growing
C10227,19,11,21485.79,1953.2536363636364,21485.79,3,Potential / Growing
C10228,9,9,11378.75,1264.3055555555557,11378.75,0,Potential / Growing
C10229,18,7,17189.46,2455.637142857143,17189.46,0,Potential / Growing
C10230,17,12,24087.579999999998,2007.2983333333332,24087.579999999998,3,Potential / Growing
C10231,7,7,17408.07,2486.867142857143,17408.07,0,Potential / Growing
C10232,32,7,18266.0,2609.4285714285716,18266.0,2,At-Risk / Low Value
C10233,2,9,22365.989999999998,2485.1099999999997,22365.989999999998,3,Potential / Growing
C10234,19,7,20296.89,2899.555714285714,20296.89,0,Potential / Growing
C10235,15,14,20876.780000000002,1491.1985714285715,20876.780000000002,3,Potential / Growing
C10236,3,14,36962.11,2640.1507142857145,36962.11,1,Champions / High Value
C10237,29,10,22556.81,2255.681,22556.81,3,Potential / Growing
C10238,39,7,12727.1,1818.1571428571428,12727.1,2,At-Risk / Low Value
C10239,2,8,12387.04,1548.38,12387.04,0,Potential / Growing
C10240,26,11,24325.13,2211.3754545454544,24325.13,3,Potential / Growing
C10241,2,15,23656.579999999998,1577.1053333333332,23656.579999999998,1,Champions / High Value
C10242,23,9,22803.420000000002,2533.7133333333336,22803.420000000002,3,Potential / Growing
C10243,35,2,4828.78,2414.39,4828.78,2,At-Risk / Low Value
C10244,6,12,21956.28,1829.6899999999998,21956.28,3,Potential / Growing
C10245,7,13,20621.95,1586.3038461538463,20621.95,3,Potential / Growing
C10246,13,11,22338.980000000003,2030.816363636364,22338.980000000003,3,Potential / Growing
C10247,1,11,25646.54,2331.5036363636364,25646.54,3,Potential / Growing
C10248,3,16,24763.91,1547.744375,24763.91,1,Champions / High Value
C10249,8,12,39867.61,3322.3008333333332,39867.61,1,Champions / High Value
C10250,7,12,20778.66,1731.555,20778.66,3,Potential / Growing
C10251,7,11,36789.73,3344.5209090909093,36789.73,1,Champions / High Value
C10252,18,9,29563.08,3284.786666666667,29563.08,3,Potential / Growing
C10253,5,8,14494.3,1811.7875,14494.3,0,Potential / Growing
C10254,3,10,34356.55,3435.655,34356.55,1,Champions / High Value
C10255,40,8,21104.05,2638.00625,21104.05,2,At-Risk / Low Value
C10256,1,6,18836.91,3139.485,18836.91,0,Potential / Growing
C10257,24,8,15707.94,1963.4925,15707.94,0,Potential / Growing
C10258,17,10,14204.23,1420.423,14204.23,0,Potential / Growing
C10259,15,10,21393.87,2139.3869999999997,21393.87,3,Potential / Growing
C10260,8,16,33302.21,2081.388125,33302.21,1,Champions / High Value
C10261,5,8,14879.55,1859.94375,14879.55,0,Potential / Growing
C10262,23,14,19619.86,1401.4185714285716,19619.86,3,Potential / Growing
C10263,4,10,27114.36,2711.436,27114.36,3,Potential / Growing
C10264,47,8,20984.570000000003,2623.0712500000004,20984.570000000003,2,At-Risk / Low Value
C10265,16,7,24385.99,3483.7128571428575,24385.99,0,Potential / Growing
C10266,18,10,23466.18,2346.618,23466.18,3,Potential / Growing
C10267,8,16,38116.46,2382.27875,38116.46,1,Champions / High Value
C10268,11,12,30117.09,2509.7575,30117.09,1,Champions / High Value
C10269,6,13,31087.61,2391.3546153846155,31087.61,1,Champions / High Value
C10270,13,12,30493.399999999998,2541.1166666666663,30493.399999999998,1,Champions / High Value
C10271,2,13,26283.77,2021.8284615384616,26283.77,1,Champions / High Value
C10272,11,12,35608.270000000004,2967.3558333333335,35608.270000000004,1,Champions / High Value
C10273,2,13,26230.92,2017.7630769230768,26230.92,1,Champions / High Value
C10274,45,6,11067.2,1844.5333333333335,11067.2,2,At-Risk / Low Value
C10275,7,9,16188.72,1798.7466666666667,16188.72,0,Potential / Growing
C10276,4,10,22045.84,2204.584,22045.84,3,Potential / Growing
C10277,18,14,35035.27,2502.5192857142856,35035.27,1,Champions / High Value
C10278,3,12,22158.12,1846.51,22158.12,3,Potential / Growing
C10279,98,5,6042.64,1208.528,6042.64,2,At-Risk / Low Value
C10280,12,14,17261.719999999998,1232.9799999999998,17261.719999999998,3,Potential / Growing
C10281,27,17,36319.22,2136.424705882353,36319.22,1,Champions / High Value
C10282,50,8,10034.76,1254.345,10034.76,2,At-Risk / Low Value
C10283,7,10,22707.35,2270.7349999999997,22707.35,3,Potential / Growing
C10284,10,10,13984.93,1398.493,13984.93,0,Potential / Growing
C10285,16,15,34817.97,2321.198,34817.97,1,Champions / High Value
C10286,16,11,32594.3,2963.1181818181817,32594.3,1,Champions / High Value
C10287,9,9,14922.19,1658.0211111111112,14922.19,0,Potential / Growing
C10288,10,8,14171.380000000001,1771.4225000000001,14171.380000000001,0,Potential / Growing
C10289,1,11,17041.36,1549.2145454545455,17041.36,3,Potential / Growing
C10291,7,5,17343.07,3468.614,17343.07,0,Potential / Growing
C10292,46,4,5301.87,1325.4675,5301.87,2,At-Risk / Low Value
C10293,7,10,21601.0,2160.1,21601.0,3,Potential / Growing
C10294,47,8,20182.26,2522.7825,20182.26,2,At-Risk / Low Value
C10295,24,12,25390.0,2115.8333333333335,25390.0,3,Potential / Growing
C10296,3,13,32414.989999999998,2493.460769230769,32414.989999999998,1,Champions / High Value
C10297,10,11,28040.65,2549.15,28040.65,3,Potential / Growing
C10298,19,12,30896.329999999998,2574.6941666666667,30896.329999999998,1,Champions / High Value
C10299,2,9,9781.4,1086.822222222222,9781.4,0,Potential / Growing
C10300,4,8,9061.07,1132.63375,9061.07,0,Potential / Growing
C10301,22,12,28278.56,2356.5466666666666,28278.56,3,Potential / Growing
C10302,6,11,29130.27,2648.2063636363637,29130.27,3,Potential / Growing
C10303,20,15,30720.55,2048.0366666666664,30720.55,1,Champions / High Value
C10304,19,11,25070.07,2279.097272727273,25070.07,3,Potential / Growing
C10305,3,9,22577.06,2508.5622222222223,22577.06,3,Potential / Growing
C10306,16,3,4689.61,1563.2033333333331,4689.61,0,Potential / Growing
C10307,20,9,13374.64,1486.0711111111111,13374.64,0,Potential / Growing
C10308,40,9,23538.219999999998,2615.3577777777773,23538.219999999998,2,At-Risk / Low Value
C10309,47,12,23194.87,1932.9058333333332,23194.87,2,At-Risk / Low Value
C10310,2,9,13305.24,1478.36,13305.24,0,Potential / Growing
C10311,2,11,25321.35,2301.940909090909,25321.35,3,Potential / Growing
C10312,6,13,34378.41,2644.4930769230773,34378.41,1,Champions / High Value
C10313,8,18,34179.39,1898.855,34179.39,1,Champions / High Value
C10314,2,8,13955.92,1744.49,13955.92,0,Potential / Growing
C10315,10,16,29102.82,1818.92625,29102.82,1,Champions / High Value
C10316,2,12,39825.72,3318.81,39825.72,1,Champions / High Value
C10317,4,10,29672.309999999998,2967.2309999999998,29672.309999999998,3,Potential / Growing
C10318,5,15,25612.41,1707.494,25612.41,1,Champions / High Value
C10319,5,16,30913.73,1932.108125,30913.73,1,Champions / High Value
C10320,15,12,27675.95,2306.329166666667,27675.95,3,Potential / Growing
C10321,5,8,19412.29,2426.53625,19412.29,0,Potential / Growing
C10322,4,9,14662.84,1629.2044444444446,14662.84,0,Potential / Growing
C10323,7,15,41576.23,2771.748666666667,41576.23,1,Champions / High Value
C10324,14,8,19617.85,2452.23125,19617.85,0,Potential / Growing
C10325,8,11,28926.57,2629.688181818182,28926.57,3,Potential / Growing
C10326,15,12,22646.2,1887.1833333333334,22646.2,3,Potential / Growing
C10327,3,10,11986.26,1198.626,11986.26,0,Potential / Growing
C10328,10,11,32179.670000000002,2925.4245454545458,32179.670000000002,1,Champions / High Value
C10329,12,9,18715.239999999998,2079.471111111111,18715.239999999998,0,Potential / Growing
C10330,2,7,19533.48,2790.497142857143,19533.48,0,Potential / Growing
C10331,3,10,13971.970000000001,1397.1970000000001,13971.970000000001,0,Potential / Growing
C10332,5,15,32835.51,2189.034,32835.51,1,Champions / High Value
C10333,7,13,35584.36,2737.2584615384617,35584.36,1,Champions / High Value
C10334,11,8,17449.46,2181.1825,17449.46,0,Potential / Growing
C10335,9,8,11246.59,1405.82375,11246.59,0,Potential / Growing
C10336,10,8,12449.83,1556.22875,12449.83,0,Potential / Growing
C10337,13,13,29819.03,2293.7715384615385,29819.03,1,Champions / High Value
C10338,41,8,11775.73,1471.96625,11775.73,2,At-Risk / Low Value
C10339,1,10,22802.75,2280.275,22802.75,3,Potential / Growing
C10340,8,13,27538.81,2118.37,27538.81,1,Champions / High Value
C10341,23,9,9877.880000000001,1097.5422222222223,9877.880000000001,0,Potential / Growing
C10342,19,8,14040.67,1755.08375,14040.67,0,Potential / Growing
C10343,5,10,29054.050000000003,2905.405,29054.050000000003,3,Potential / Growing
C10344,53,10,18033.97,1803.3970000000002,18033.97,2,At-Risk / Low Value
C10345,39,5,8901.220000000001,1780.2440000000001,8901.220000000001,2,At-Risk / Low Value
C10346,7,7,15795.9,2256.557142857143,15795.9,0,Potential / Growing
C10347,3,9,14523.4,1613.711111111111,14523.4,0,Potential / Growing
C10348,10,9,20716.24,2301.8044444444445,20716.24,3,Potential / Growing
C10349,10,11,29079.32,2643.5745454545454,29079.32,3,Potential / Growing
C10350,8,9,17341.64,1926.8488888888887,17341.64,0,Potential / Growing
C10351,33,7,14347.199999999999,2049.6,14347.199999999999,2,At-Risk / Low Value
C10352,2,15,37223.31,2481.5539999999996,37223.31,1,Champions / High Value
C10353,3,12,26692.18,2224.3483333333334,26692.18,3,Potential / Growing
C10354,15,10,14882.289999999999,1488.2289999999998,14882.289999999999,0,Potential / Growing
C10355,13,7,22327.800000000003,3189.6857142857148,22327.800000000003,0,Potential / Growing
C10356,38,10,16177.5,1617.75,16177.5,2,At-Risk / Low Value
C10357,37,6,10758.52,1793.0866666666668,10758.52,2,At-Risk / Low Value
C10358,33,12,19817.67,1651.4724999999999,19817.67,3,Potential / Growing
C10359,3,9,22157.14,2461.9044444444444,22157.14,3,Potential / Growing
C10360,29,7,22244.4,3177.7714285714287,22244.4,2,At-Risk / Low Value
C10361,8,9,20377.35,2264.1499999999996,20377.35,3,Potential / Growing
C10362,7,10,18283.85,1828.3849999999998,18283.85,3,Potential / Growing
C10363,2,12,35919.59,2993.299166666666,35919.59,1,Champions / High Value
C10364,15,7,14192.95,2027.564285714286,14192.95,0,Potential / Growing
C10365,40,7,18305.92,2615.1314285714284,18305.92,2,At-Risk / Low Value
C10366,12,15,37366.82,2491.1213333333335,37366.82,1,Champions / High Value
C10367,10,10,18527.75,1852.775,18527.75,3,Potential / Growing
C10368,20,15,32046.0,2136.4,32046.0,1,Champions / High Value
C10369,9,12,25436.820000000003,2119.735,25436.820000000003,3,Potential / Growing
C10370,6,9,44450.08,4938.897777777778,44450.08,1,Champions / High Value
C10371,1,12,30738.53,2561.5441666666666,30738.53,1,Champions / High Value
C10372,33,8,7691.53,961.44125,7691.53,2,At-Risk / Low Value
C10373,50,9,11648.67,1294.2966666666666,11648.67,2,At-Risk / Low Value
C10374,7,5,15388.74,3077.748,15388.74,0,Potential / Growing
C10375,21,10,28353.91,2835.391,28353.91,3,Potential / Growing
C10376,10,7,14095.54,2013.6485714285716,14095.54,0,Potential / Growing
C10377,19,9,14291.15,1587.9055555555556,14291.15,0,Potential / Growing
C10378,43,10,14876.22,1487.6219999999998,14876.22,2,At-Risk / Low Value
C10379,10,10,13109.68,1310.968,13109.68,0,Potential / Growing
C10380,26,11,39515.67,3592.3336363636363,39515.67,1,Champions / High Value
C10381,23,6,12969.050000000001,2161.5083333333337,12969.050000000001,0,Potential / Growing
C10382,23,15,24856.11,1657.074,24856.11,1,Champions / High Value
C10383,27,9,19923.2,2213.688888888889,19923.2,3,Potential / Growing
C10384,4,5,9921.84,1984.368,9921.84,0,Potential / Growing
C10385,11,10,20113.99,2011.3990000000001,20113.99,3,Potential / Growing
C10386,55,6,9178.07,1529.6783333333333,9178.07,2,At-Risk / Low Value
C10387,7,5,5858.63,1171.726,5858.63,0,Potential / Growing
C10388,26,4,6645.39,1661.3475,6645.39,0,Potential / Growing
C10389,19,12,19714.14,1642.845,19714.14,3,Potential / Growing
C10390,11,10,19969.17,1996.917,19969.17,3,Potential / Growing
C10391,21,16,19485.95,1217.871875,19485.95,3,Potential / Growing
C10392,24,12,22365.01,1863.7508333333333,22365.01,3,Potential / Growing
C10393,18,11,16454.670000000002,1495.879090909091,16454.670000000002,3,Potential / Growing
C10394,1,8,12640.57,1580.07125,12640.57,0,Potential / Growing
C10395,4,11,22652.73,2059.339090909091,22652.73,3,Potential / Growing
C10396,22,6,11928.33,1988.055,11928.33,0,Potential / Growing
C10397,21,7,16649.27,2378.467142857143,16649.27,0,Potential / Growing
C10398,9,10,20318.059999999998,2031.8059999999998,20318.059999999998,3,Potential / Growing
C10399,26,6,15044.6,2507.4333333333334,15044.6,0,Potential / Growing
C10400,17,10,14172.31,1417.231,14172.31,0,Potential / Growing
C10401,5,9,34227.33,3803.036666666667,34227.33,3,Potential / Growing
C10402,10,11,31233.3,2839.390909090909,31233.3,3,Potential / Growing
C10403,16,7,11434.43,1633.49,11434.43,0,Potential / Growing
C10404,40,13,20643.3,1587.9461538461537,20643.3,2,At-Risk / Low Value
C10405,21,5,12758.74,2551.748,12758.74,0,Potential / Growing
C10406,27,11,13676.45,1243.3136363636365,13676.45,3,Potential / Growing
C10407,2,9,24840.08,2760.008888888889,24840.08,3,Potential / Growing
C10408,1,8,19136.41,2392.05125,19136.41,0,Potential / Growing
C10409,15,13,24123.6,1855.6615384615384,24123.6,3,Potential / Growing
C10410,30,7,24798.989999999998,3542.712857142857,24798.989999999998,2,At-Risk / Low Value
C10411,3,10,12871.029999999999,1287.1029999999998,12871.029999999999,0,Potential / Growing
C10412,28,5,17573.8,3514.7599999999998,17573.8,2,At-Risk / Low Value
C10413,22,9,12967.56,1440.84,12967.56,0,Potential / Growing
C10414,3,7,6602.570000000001,943.2242857142858,6602.570000000001,0,Potential / Growing
C10415,6,9,15274.98,1697.22,15274.98,0,Potential / Growing
C10416,2,8,24278.73,3034.84125,24278.73,3,Potential / Growing
C10417,1,4,13140.57,3285.1425,13140.57,0,Potential / Growing
C10418,21,10,21654.16,2165.416,21654.16,3,Potential / Growing
C10419,3,11,25199.39,2290.8536363636363,25199.39,3,Potential / Growing
C10420,24,6,8784.61,1464.1016666666667,8784.61,0,Potential / Growing
C10421,18,5,17133.09,3426.618,17133.09,0,Potential / Growing
C10422,3,9,19886.68,2209.6311111111113,19886.68,3,Potential / Growing
C10423,4,9,17488.61,1943.1788888888889,17488.61,0,Potential / Growing
C10424,22,11,16246.6,1476.9636363636364,16246.6,3,Potential / Growing
C10425,11,11,14613.69,1328.5172727272727,14613.69,3,Potential / Growing
C10426,36,12,26227.9,2185.6583333333333,26227.9,3,Potential / Growing
C10427,22,8,15384.77,1923.09625,15384.77,0,Potential / Growing
C10428,14,9,20572.76,2285.862222222222,20572.76,3,Potential / Growing
C10429,18,6,12384.529999999999,2064.088333333333,12384.529999999999,0,Potential / Growing
C10430,1,12,31720.15,2643.3458333333333,31720.15,1,Champions / High Value
C10431,15,11,18124.36,1647.669090909091,18124.36,3,Potential / Growing
C10432,1,8,20367.22,2545.9025,20367.22,0,Potential / Growing
C10433,9,13,31135.190000000002,2395.0146153846154,31135.190000000002,1,Champions / High Value
C10434,4,8,14530.36,1816.295,14530.36,0,Potential / Growing
C10435,8,10,19237.7,1923.77,19237.7,3,Potential / Growing
C10436,22,9,14954.630000000001,1661.6255555555556,14954.630000000001,0,Potential / Growing
C10437,14,10,16526.64,1652.664,16526.64,3,Potential / Growing
C10438,6,10,17465.17,1746.5169999999998,17465.17,3,Potential / Growing
C10439,1,6,10207.0,1701.1666666666667,10207.0,0,Potential / Growing
C10440,5,18,47645.78,2646.987777777778,47645.78,1,Champions / High Value
C10441,16,9,33106.35,3678.483333333333,33106.35,3,Potential / Growing
C10442,15,14,40871.8,2919.414285714286,40871.8,1,Champions / High Value
C10443,5,16,30029.94,1876.87125,30029.94,1,Champions / High Value
C10444,31,7,27391.96,3913.137142857143,27391.96,2,At-Risk / Low Value
C10445,1,7,11885.289999999999,1697.8985714285714,11885.289999999999,0,Potential / Growing
C10446,3,12,19088.25,1590.6875,19088.25,3,Potential / Growing
C10447,5,11,18587.22,1689.7472727272727,18587.22,3,Potential / Growing
C10448,5,14,25283.370000000003,1805.9550000000002,25283.370000000003,1,Champions / High Value
C10449,17,11,21019.66,1910.8781818181817,21019.66,3,Potential / Growing
C10450,13,16,28323.19,1770.199375,28323.19,1,Champions / High Value
C10451,10,11,22938.86,2085.350909090909,22938.86,3,Potential / Growing
C10452,2,11,28862.98,2623.907272727273,28862.98,3,Potential / Growing
C10453,7,10,18196.78,1819.6779999999999,18196.78,3,Potential / Growing
C10454,5,10,17010.0,1701.0,17010.0,3,Potential / Growing
C10455,10,13,28113.25,2162.5576923076924,28113.25,1,Champions / High Value
C10456,7,6,11701.39,1950.2316666666666,11701.39,0,Potential / Growing
C10457,1,16,22077.52,1379.845,22077.52,1,Champions / High Value
C10458,9,15,28440.79,1896.0526666666667,28440.79,1,Champions / High Value
C10459,4,9,14447.21,1605.2455555555555,14447.21,0,Potential / Growing
C10460,42,8,20322.489999999998,2540.3112499999997,20322.489999999998,2,At-Risk / Low Value
C10461,25,7,20689.989999999998,2955.712857142857,20689.989999999998,0,Potential / Growing
C10462,3,16,42401.75,2650.109375,42401.75,1,Champions / High Value
C10463,9,13,26159.06,2012.2353846153846,26159.06,3,Potential / Growing
C10464,5,11,32530.64,2957.3309090909092,32530.64,1,Champions / High Value
C10465,32,5,6268.74,1253.748,6268.74,2,At-Risk / Low Value
C10466,5,12,25599.46,2133.2883333333334,25599.46,3,Potential / Growing
C10467,7,10,23090.170000000002,2309.0170000000003,23090.170000000002,3,Potential / Growing
C10468,6,12,28991.85,2415.9874999999997,28991.85,1,Champions / High Value
C10469,14,11,29943.64,2722.149090909091,29943.64,3,Potential / Growing
C10470,24,9,19998.309999999998,2222.034444444444,19998.309999999998,3,Potential / Growing
C10471,27,8,23200.87,2900.10875,23200.87,3,Potential / Growing
C10472,30,13,49762.06,3827.850769230769,49762.06,1,Champions / High Value
C10473,3,3,14040.66,4680.22,14040.66,0,Potential / Growing
C10474,11,7,15273.619999999999,2181.945714285714,15273.619999999999,0,Potential / Growing
C10475,3,7,15576.099999999999,2225.157142857143,15576.099999999999,0,Potential / Growing
C10476,2,11,29087.82,2644.347272727273,29087.82,3,Potential / Growing
C10477,12,13,39632.77,3048.674615384615,39632.77,1,Champions / High Value
C10478,5,10,17165.41,1716.541,17165.41,3,Potential / Growing
C10479,20,15,32573.28,2171.552,32573.28,1,Champions / High Value
C10480,10,19,40311.39,2121.652105263158,40311.39,1,Champions / High Value
C10481,6,11,15538.91,1412.6281818181817,15538.91,3,Potential / Growing
C10482,12,7,17251.45,2464.4928571428572,17251.45,0,Potential / Growing
C10483,4,8,25289.26,3161.1575,25289.26,3,Potential / Growing
C10484,4,13,41202.22,3169.4015384615386,41202.22,1,Champions / High Value
C10485,8,6,19243.329999999998,3207.2216666666664,19243.329999999998,0,Potential / Growing
C10486,35,3,3405.12,1135.04,3405.12,2,At-Risk / Low Value
C10487,3,8,11415.029999999999,1426.8787499999999,11415.029999999999,0,Potential / Growing
C10488,9,6,17095.73,2849.2883333333334,17095.73,0,Potential / Growing
C10489,8,10,15252.599999999999,1525.2599999999998,15252.599999999999,0,Potential / Growing
C10490,39,8,19073.32,2384.165,19073.32,2,At-Risk / Low Value
C10491,9,8,35873.03,4484.12875,35873.03,3,Potential / Growing
C10492,19,4,4059.15,1014.7875,4059.15,0,Potential / Growing
C10493,10,15,28388.230000000003,1892.5486666666668,28388.230000000003,1,Champions / High Value
C10494,9,6,14310.31,2385.0516666666667,14310.31,0,Potential / Growing
C10495,4,12,20869.95,1739.1625000000001,20869.95,3,Potential / Growing
C10496,28,14,26998.91,1928.4935714285714,26998.91,1,Champions / High Value
C10497,2,11,33290.090000000004,3026.3718181818185,33290.090000000004,1,Champions / High Value
C10498,43,7,14029.24,2004.1771428571428,14029.24,2,At-Risk / Low Value
C10499,1,12,28023.38,2335.2816666666668,28023.38,3,Potential / Growing
C10500,57,9,17743.58,1971.508888888889,17743.58,2,At-Risk / Low Value
C10501,7,15,25076.46,1671.764,25076.46,1,Champions / High Value
C10502,28,13,30087.69,2314.437692307692,30087.69,1,Champions / High Value
C10503,14,7,14594.56,2084.9371428571426,14594.56,0,Potential / Growing
C10504,18,10,12453.23,1245.3229999999999,12453.23,0,Potential / Growing
C10505,1,12,38009.35,3167.445833333333,38009.35,1,Champions / High Value
C10506,1,8,14095.849999999999,1761.9812499999998,14095.849999999999,0,Potential / Growing
C10507,5,14,26474.47,1891.0335714285716,26474.47,1,Champions / High Value
C10508,14,10,24652.59,2465.259,24652.59,3,Potential / Growing
C10509,22,11,23706.38,2155.1254545454544,23706.38,3,Potential / Growing
C10510,9,17,62219.29,3659.958235294118,62219.29,1,Champions / High Value
C10511,7,9,16752.28,1861.3644444444444,16752.28,0,Potential / Growing
C10512,6,15,37123.02,2474.868,37123.02,1,Champions / High Value
C10513,17,12,36871.96,3072.6633333333334,36871.96,1,Champions / High Value
C10514,8,7,12020.85,1717.2642857142857,12020.85,0,Potential / Growing
C10515,1,8,14393.369999999999,1799.1712499999999,14393.369999999999,0,Potential / Growing
C10516,27,15,32409.36,2160.6240000000003,32409.36,1,Champions / High Value
C10517,2,11,18253.48,1659.4072727272726,18253.48,3,Potential / Growing
C10518,17,8,17759.370000000003,2219.9212500000003,17759.370000000003,0,Potential / Growing
C10519,2,6,11709.01,1951.5016666666668,11709.01,0,Potential / Growing
C10520,3,10,26249.41,2624.941,26249.41,3,Potential / Growing
C10521,29,6,21613.21,3602.2016666666664,21613.21,2,At-Risk / Low Value
C10522,20,6,9469.19,1578.1983333333335,9469.19,0,Potential / Growing
C10523,4,13,25245.23,1941.940769230769,25245.23,3,Potential / Growing
C10524,6,8,19451.61,2431.45125,19451.61,0,Potential / Growing
C10525,38,9,11927.03,1325.2255555555557,11927.03,2,At-Risk / Low Value
C10526,17,8,17944.06,2243.0075,17944.06,0,Potential / Growing
C10527,23,10,18965.26,1896.5259999999998,18965.26,3,Potential / Growing
C10528,3,13,33866.16,2605.089230769231,33866.16,1,Champions / High Value
C10529,60,5,3077.63,615.5260000000001,3077.63,2,At-Risk / Low Value
C10530,4,7,26700.02,3814.2885714285717,26700.02,3,Potential / Growing
C10531,16,9,17947.13,1994.1255555555556,17947.13,0,Potential / Growing
C10532,13,11,27542.77,2503.8881818181817,27542.77,3,Potential / Growing
C10533,55,7,8985.99,1283.712857142857,8985.99,2,At-Risk / Low Value
C10534,2,5,7226.87,1445.374,7226.87,0,Potential / Growing
C10535,9,13,31950.739999999998,2457.7492307692305,31950.739999999998,1,Champions / High Value
C10536,11,7,10391.72,1484.5314285714285,10391.72,0,Potential / Growing
C10537,6,5,9216.94,1843.3880000000001,9216.94,0,Potential / Growing
C10538,6,12,28226.41,2352.2008333333333,28226.41,3,Potential / Growing
C10539,7,6,9759.24,1626.54,9759.24,0,Potential / Growing
C10540,3,7,12184.1,1740.5857142857144,12184.1,0,Potential / Growing
C10541,10,11,23633.84,2148.530909090909,23633.84,3,Potential / Growing
C10542,30,5,14428.239999999998,2885.6479999999997,14428.239999999998,2,At-Risk / Low Value
C10543,24,8,39117.33,4889.66625,39117.33,3,Potential / Growing
C10544,101,4,3798.79,949.6975,3798.79,2,At-Risk / Low Value
C10545,12,12,28568.420000000002,2380.701666666667,28568.420000000002,3,Potential / Growing
C10546,7,6,15855.33,2642.555,15855.33,0,Potential / Growing
C10547,16,13,31920.37,2455.413076923077,31920.37,1,Champions / High Value
C10548,11,11,31295.47,2845.0427272727275,31295.47,3,Potential / Growing
C10549,3,8,14482.9,1810.3625,14482.9,0,Potential / Growing
C10550,13,8,16566.05,2070.75625,16566.05,0,Potential / Growing
C10551,16,12,18717.57,1559.7975,18717.57,3,Potential / Growing
C10552,2,12,23067.07,1922.2558333333334,23067.07,3,Potential / Growing
C10553,35,15,38695.17,2579.678,38695.17,1,Champions / High Value
C10554,5,15,22668.1,1511.2066666666665,22668.1,1,Champions / High Value
C10555,5,8,11681.29,1460.16125,11681.29,0,Potential / Growing
C10556,12,16,35177.29,2198.580625,35177.29,1,Champions / High Value
C10557,10,14,36018.97,2572.7835714285716,36018.97,1,Champions / High Value
C10558,8,18,35837.31,1990.9616666666666,35837.31,1,Champions / High Value
C10559,8,12,27860.09,2321.6741666666667,27860.09,3,Potential / Growing
C10560,40,6,14966.35,2494.391666666667,14966.35,2,At-Risk / Low Value
C10561,2,14,21847.72,1560.5514285714287,21847.72,3,Potential / Growing
C10562,6,13,43376.270000000004,3336.6361538461542,43376.270000000004,1,Champions / High Value
C10563,11,10,16702.989999999998,1670.2989999999998,16702.989999999998,3,Potential / Growing
C10564,20,11,15475.77,1406.888181818182,15475.77,3,Potential / Growing
C10565,20,4,6199.61,1549.9025,6199.61,0,Potential / Growing
C10566,14,8,20653.5,2581.6875,20653.5,0,Potential / Growing
C10567,3,10,17561.17,1756.1169999999997,17561.17,3,Potential / Growing
C10568,3,9,14095.019999999999,1566.1133333333332,14095.019999999999,0,Potential / Growing
C10569,14,13,30683.079999999998,2360.2369230769227,30683.079999999998,1,Champions / High Value
C10570,3,5,8024.1900000000005,1604.8380000000002,8024.1900000000005,0,Potential / Growing
C10571,1,16,42562.41,2660.150625,42562.41,1,Champions / High Value
C10572,11,3,1921.53,640.51,1921.53,0,Potential / Growing
C10573,23,7,10882.970000000001,1554.7100000000003,10882.970000000001,0,Potential / Growing
C10574,80,5,6047.63,1209.526,6047.63,2,At-Risk / Low Value
C10575,4,17,36761.0,2162.4117647058824,36761.0,1,Champions / High Value
C10576,20,15,27367.26,1824.484,27367.26,1,Champions / High Value
C10577,1,15,30215.61,2014.374,30215.61,1,Champions / High Value
C10578,59,4,10265.529999999999,2566.3824999999997,10265.529999999999,2,At-Risk / Low Value
C10579,55,6,11215.88,1869.3133333333333,11215.88,2,At-Risk / Low Value
C10580,31,10,15759.44,1575.944,15759.44,2,At-Risk / Low Value
C10581,1,13,29137.71,2241.3623076923077,29137.71,1,Champions / High Value
C10582,19,13,18525.68,1425.0523076923077,18525.68,3,Potential / Growing
C10583,7,7,8355.970000000001,1193.7100000000003,8355.970000000001,0,Potential / Growing
C10584,55,6,8679.89,1446.6483333333333,8679.89,2,At-Risk / Low Value
C10585,6,13,30871.28,2374.713846153846,30871.28,1,Champions / High Value
C10586,24,7,15570.95,2224.421428571429,15570.95,0,Potential / Growing
C10587,3,10,22405.99,2240.599,22405.99,3,Potential / Growing
C10588,5,10,19936.800000000003,1993.6800000000003,19936.800000000003,3,Potential / Growing
C10589,49,7,9854.380000000001,1407.7685714285715,9854.380000000001,2,At-Risk / Low Value
C10590,1,13,42015.25,3231.9423076923076,42015.25,1,Champions / High Value
C10591,17,12,33679.17,2806.5975,33679.17,1,Champions / High Value
C10592,2,12,22796.76,1899.7299999999998,22796.76,3,Potential / Growing
C10593,27,10,17020.5,1702.05,17020.5,3,Potential / Growing
C10594,19,14,31243.899999999998,2231.7071428571426,31243.899999999998,1,Champions / High Value
C10595,20,13,37481.44,2883.1876923076925,37481.44,1,Champions / High Value
C10596,3,12,44139.26,3678.271666666667,44139.26,1,Champions / High Value
C10597,6,8,26873.81,3359.22625,26873.81,3,Potential / Growing
C10598,2,10,26918.09,2691.809,26918.09,3,Potential / Growing
C10599,32,10,27981.989999999998,2798.1989999999996,27981.989999999998,3,Potential / Growing
